"Timestamp","Date","Name","Url","StatusCode","TimeMs","OK"
"2026-05-14 00:31:29","2026-05-14","GitHub（主站）","https://nokwiaey.github.io/xyjy/","200","670","True"
"2026-05-14 00:31:29","2026-05-14","Cloudflare（副站）","https://xyjy.dfly.site/","200","473","True"
"2026-05-14 00:31:29","2026-05-14","帽子云（镜像站）","https://xyjy-rbw5h01el.maozi.io/","200","1382","True"
"2026-05-14 00:31:29","2026-05-14","Vercel（镜像站）","https://xyjy-tools.vercel.app/","200","922","True"
"2026-05-14 00:31:29","2026-05-14","Netlify（镜像站）","https://xyjy.netlify.app/","200","854","True"
2026-05-13 16:35:19,2026-05-13,GitHub（主站）,https://nokwiaey.github.io/xyjy/,200,107,true
2026-05-13 16:35:19,2026-05-13,Cloudflare（副站）,https://xyjy.dfly.site/,200,199,true
2026-05-13 16:35:19,2026-05-13,帽子云（镜像站）,https://xyjy-rbw5h01el.maozi.io/,200,2721,true
2026-05-13 16:35:19,2026-05-13,Vercel（镜像站）,https://xyjy-tools.vercel.app/,200,273,true
2026-05-13 16:35:19,2026-05-13,Netlify（镜像站）,https://xyjy.netlify.app/,200,719,true
2026-05-13 16:45:14,2026-05-13,GitHub（主站）,https://nokwiaey.github.io/xyjy/,200,178,true
2026-05-13 16:45:14,2026-05-13,Cloudflare（副站）,https://xyjy.dfly.site/,200,193,true
2026-05-13 16:45:14,2026-05-13,帽子云（镜像站）,https://xyjy-rbw5h01el.maozi.io/,200,2354,true
2026-05-13 16:45:14,2026-05-13,Vercel（镜像站）,https://xyjy-tools.vercel.app/,200,437,true
2026-05-13 16:45:14,2026-05-13,Netlify（镜像站）,https://xyjy.netlify.app/,200,2994,true
2026-05-14 00:49:30,2026-05-14,GitHub（主站）,https://nokwiaey.github.io/xyjy/,200,139,true
2026-05-14 00:49:30,2026-05-14,Cloudflare（副站）,https://xyjy.dfly.site/,200,152,true
2026-05-14 00:49:30,2026-05-14,帽子云（镜像站）,https://xyjy-rbw5h01el.maozi.io/,200,2523,true
2026-05-14 00:49:30,2026-05-14,Vercel（镜像站）,https://xyjy-tools.vercel.app/,200,205,true
2026-05-14 00:49:30,2026-05-14,Netlify（镜像站）,https://xyjy.netlify.app/,200,139,true
